window_size,window_step,min_temp,max_temp,gaussian_blur_kernel_size,mask_type,bandpass_low_cut,bandpass_high_cut,mask_low_accuracy,mask_borders,dilate_kernel_size,id,rmse,mae,r2,true_respiratory_frequency,author,position,date
5,5,18,30,1,otsu,0.1,0.7,True,5,3,525880390100162899,0.18579578609976197,0.18579578609976197,-inf,0.5,lucas,left,02
5,5,18,30,1,otsu,0.1,0.7,True,5,5,7515228234450388734,0.17919416658786422,0.17919416658786422,-inf,0.5,lucas,left,02
5,5,18,30,3,otsu,0.1,0.7,True,5,3,99455050595058613881,0.204115387573873,0.204115387573873,-inf,0.5,lucas,left,02
5,5,18,30,3,otsu,0.1,0.7,True,5,5,92198271258867242367,0.1828805784087599,0.1828805784087599,-inf,0.5,lucas,left,02
5,5,18,30,5,otsu,0.1,0.7,True,5,3,97191891992463830613,0.20087452168466471,0.20087452168466471,-inf,0.5,lucas,left,02
5,5,18,30,5,otsu,0.1,0.7,True,5,5,4177662793549500521,0.1975875155638404,0.1975875155638404,-inf,0.5,lucas,left,02
5,5,18,32,1,otsu,0.1,0.7,True,5,3,5912136776611413102,0.11193028519099274,0.11193028519099274,-inf,0.5,lucas,left,02
5,5,18,32,1,otsu,0.1,0.7,True,5,5,1760687336312498119,0.10816951000379364,0.10816951000379364,-inf,0.5,lucas,left,02
5,5,18,32,3,otsu,0.1,0.7,True,5,3,7216764285301290757,0.11038395567522138,0.11038395567522138,-inf,0.5,lucas,left,02
5,5,18,32,3,otsu,0.1,0.7,True,5,5,99503807037154619499,0.10959840804490177,0.10959840804490177,-inf,0.5,lucas,left,02
5,5,18,32,5,otsu,0.1,0.7,True,5,3,7255745450231631423,0.11192742268813834,0.11192742268813834,-inf,0.5,lucas,left,02
5,5,18,32,5,otsu,0.1,0.7,True,5,5,780634297845619152,0.113510139421411,0.113510139421411,-inf,0.5,lucas,left,02
5,5,18,34,1,otsu,0.1,0.7,True,5,3,97860481043335453567,0.10880251109438789,0.10880251109438789,-inf,0.5,lucas,left,02
5,5,18,34,1,otsu,0.1,0.7,True,5,5,8288564405347549178,0.11343096202400554,0.11343096202400554,-inf,0.5,lucas,left,02
5,5,18,34,3,otsu,0.1,0.7,True,5,3,98850382824451066159,0.10725840819709093,0.10725840819709093,-inf,0.5,lucas,left,02
5,5,18,34,3,otsu,0.1,0.7,True,5,5,5923814960222220606,0.11340573031260821,0.11340573031260821,-inf,0.5,lucas,left,02
5,5,18,34,5,otsu,0.1,0.7,True,5,3,748673620363537551,0.10721884027875912,0.10721884027875912,-inf,0.5,lucas,left,02
5,5,18,34,5,otsu,0.1,0.7,True,5,5,2496111949120249080,0.11340254897231229,0.11340254897231229,-inf,0.5,lucas,left,02
5,5,18,36,1,otsu,0.1,0.7,True,5,3,90814028855255866626,0.10884398820057645,0.10884398820057645,-inf,0.5,lucas,left,02
5,5,18,36,1,otsu,0.1,0.7,True,5,5,1550238361600244441,0.11493422485053152,0.11493422485053152,-inf,0.5,lucas,left,02
5,5,18,36,3,otsu,0.1,0.7,True,5,3,95088222169083762406,0.10721884027875912,0.10721884027875912,-inf,0.5,lucas,left,02
5,5,18,36,3,otsu,0.1,0.7,True,5,5,4719351372033192109,0.11856728411681129,0.11856728411681129,-inf,0.5,lucas,left,02
5,5,18,36,5,otsu,0.1,0.7,True,5,3,99451514659782866085,0.11031657005197902,0.11031657005197902,-inf,0.5,lucas,left,02
5,5,18,36,5,otsu,0.1,0.7,True,5,5,8828273602192206212,0.12168646251352012,0.12168646251352012,-inf,0.5,lucas,left,02
5,5,20,30,1,otsu,0.1,0.7,True,5,3,96067722773068083670,0.19341008089666226,0.19341008089666226,-inf,0.5,lucas,left,02
5,5,20,30,1,otsu,0.1,0.7,True,5,5,97961840018299799175,0.17919416658786422,0.17919416658786422,-inf,0.5,lucas,left,02
5,5,20,30,3,otsu,0.1,0.7,True,5,3,94937683182172193035,0.20183165597536631,0.20183165597536631,-inf,0.5,lucas,left,02
5,5,20,30,3,otsu,0.1,0.7,True,5,5,98045043541751971033,0.1877088187836921,0.1877088187836921,-inf,0.5,lucas,left,02
5,5,20,30,5,otsu,0.1,0.7,True,5,3,7030340020006219629,0.20260599061522758,0.20260599061522758,-inf,0.5,lucas,left,02
5,5,20,30,5,otsu,0.1,0.7,True,5,5,7327373455681604235,0.1945692445831729,0.1945692445831729,-inf,0.5,lucas,left,02
5,5,20,32,1,otsu,0.1,0.7,True,5,3,95059315512308850726,0.11030800053938829,0.11030800053938829,-inf,0.5,lucas,left,02
5,5,20,32,1,otsu,0.1,0.7,True,5,5,93937945581736215890,0.10816951000379364,0.10816951000379364,-inf,0.5,lucas,left,02
5,5,20,32,3,otsu,0.1,0.7,True,5,3,6187753113606357278,0.11034438775688957,0.11034438775688957,-inf,0.5,lucas,left,02
5,5,20,32,3,otsu,0.1,0.7,True,5,5,95898317106843138047,0.10959840804490177,0.10959840804490177,-inf,0.5,lucas,left,02
5,5,20,32,5,otsu,0.1,0.7,True,5,3,99061140051199642810,0.1119271044901622,0.1119271044901622,-inf,0.5,lucas,left,02
5,5,20,32,5,otsu,0.1,0.7,True,5,5,97348369912619024525,0.113510139421411,0.113510139421411,-inf,0.5,lucas,left,02
5,5,20,34,1,otsu,0.1,0.7,True,5,3,93173698353584031806,0.10880251109438789,0.10880251109438789,-inf,0.5,lucas,left,02
5,5,20,34,1,otsu,0.1,0.7,True,5,5,93885035001166936096,0.11348327579885657,0.11348327579885657,-inf,0.5,lucas,left,02
5,5,20,34,3,otsu,0.1,0.7,True,5,3,5503032962054919414,0.10725840819709093,0.10725840819709093,-inf,0.5,lucas,left,02
5,5,20,34,3,otsu,0.1,0.7,True,5,5,3134232120870517710,0.11340573031260821,0.11340573031260821,-inf,0.5,lucas,left,02
5,5,20,34,5,otsu,0.1,0.7,True,5,3,99220120790870576575,0.10721884027875912,0.10721884027875912,-inf,0.5,lucas,left,02
5,5,20,34,5,otsu,0.1,0.7,True,5,5,99153774999715318755,0.11340254897231229,0.11340254897231229,-inf,0.5,lucas,left,02
5,5,20,36,1,otsu,0.1,0.7,True,5,3,99677871198709306100,0.10884398820057645,0.10884398820057645,-inf,0.5,lucas,left,02
5,5,20,36,1,otsu,0.1,0.7,True,5,5,3231466587723628828,0.11493422485053152,0.11493422485053152,-inf,0.5,lucas,left,02
5,5,20,36,3,otsu,0.1,0.7,True,5,3,8328598894012007665,0.10721884027875912,0.10721884027875912,-inf,0.5,lucas,left,02
5,5,20,36,3,otsu,0.1,0.7,True,5,5,91186475667656836128,0.11856728411681129,0.11856728411681129,-inf,0.5,lucas,left,02
5,5,20,36,5,otsu,0.1,0.7,True,5,3,3506986287616845450,0.11031657005197902,0.11031657005197902,-inf,0.5,lucas,left,02
5,5,20,36,5,otsu,0.1,0.7,True,5,5,99700871551574238091,0.12168646251352012,0.12168646251352012,-inf,0.5,lucas,left,02
5,5,22,30,1,otsu,0.1,0.7,True,5,3,95538012063152581063,0.19484328361745432,0.19484328361745432,-inf,0.5,lucas,left,02
5,5,22,30,1,otsu,0.1,0.7,True,5,5,94290058877571200070,0.17919416658786422,0.17919416658786422,-inf,0.5,lucas,left,02
5,5,22,30,3,otsu,0.1,0.7,True,5,3,4266760102379011230,0.204115387573873,0.204115387573873,-inf,0.5,lucas,left,02
5,5,22,30,3,otsu,0.1,0.7,True,5,5,96192681723378162128,0.18616312591935077,0.18616312591935077,-inf,0.5,lucas,left,02
5,5,22,30,5,otsu,0.1,0.7,True,5,3,97828538376636856792,0.2009856143841214,0.2009856143841214,-inf,0.5,lucas,left,02
5,5,22,30,5,otsu,0.1,0.7,True,5,5,92199906738907496485,0.19298716386225032,0.19298716386225032,-inf,0.5,lucas,left,02
5,5,22,32,1,otsu,0.1,0.7,True,5,3,5556861478292470078,0.11034629617738788,0.11034629617738788,-inf,0.5,lucas,left,02
5,5,22,32,1,otsu,0.1,0.7,True,5,5,7787811995113754320,0.10816951000379364,0.10816951000379364,-inf,0.5,lucas,left,02
5,5,22,32,3,otsu,0.1,0.7,True,5,3,7798856099153695233,0.11038395567522138,0.11038395567522138,-inf,0.5,lucas,left,02
5,5,22,32,3,otsu,0.1,0.7,True,5,5,98013851915500055765,0.10959840804490177,0.10959840804490177,-inf,0.5,lucas,left,02
5,5,22,32,5,otsu,0.1,0.7,True,5,3,7093035047251704841,0.11509285615468366,0.11509285615468366,-inf,0.5,lucas,left,02
5,5,22,32,5,otsu,0.1,0.7,True,5,5,93624113279458678918,0.113510139421411,0.113510139421411,-inf,0.5,lucas,left,02
5,5,22,34,1,otsu,0.1,0.7,True,5,3,97406608132415894342,0.10721979436111523,0.10721979436111523,-inf,0.5,lucas,left,02
5,5,22,34,1,otsu,0.1,0.7,True,5,5,93487179819004386578,0.11343096202400554,0.11343096202400554,-inf,0.5,lucas,left,02
5,5,22,34,3,otsu,0.1,0.7,True,5,3,95694766329016066914,0.10725840819709093,0.10725840819709093,-inf,0.5,lucas,left,02
5,5,22,34,3,otsu,0.1,0.7,True,5,5,3378388025650560085,0.11340573031260821,0.11340573031260821,-inf,0.5,lucas,left,02
5,5,22,34,5,otsu,0.1,0.7,True,5,3,9136549333934067992,0.10721884027875912,0.10721884027875912,-inf,0.5,lucas,left,02
5,5,22,34,5,otsu,0.1,0.7,True,5,5,2671993453364912426,0.11340254897231229,0.11340254897231229,-inf,0.5,lucas,left,02
5,5,22,36,1,otsu,0.1,0.7,True,5,3,99936320367433673810,0.10884398820057645,0.10884398820057645,-inf,0.5,lucas,left,02
5,5,22,36,1,otsu,0.1,0.7,True,5,5,8433619005616163554,0.11493422485053152,0.11493422485053152,-inf,0.5,lucas,left,02
5,5,22,36,3,otsu,0.1,0.7,True,5,3,95404840646266886070,0.10721884027875912,0.10721884027875912,-inf,0.5,lucas,left,02
5,5,22,36,3,otsu,0.1,0.7,True,5,5,8557685055696797759,0.11856728411681129,0.11856728411681129,-inf,0.5,lucas,left,02
5,5,22,36,5,otsu,0.1,0.7,True,5,3,95993748944523219877,0.11031657005197902,0.11031657005197902,-inf,0.5,lucas,left,02
5,5,22,36,5,otsu,0.1,0.7,True,5,5,96881549405943089279,0.12168646251352012,0.12168646251352012,-inf,0.5,lucas,left,02
5,5,24,30,1,otsu,0.1,0.7,True,5,3,92425118902811302723,0.19691278118426636,0.19691278118426636,-inf,0.5,lucas,left,02
5,5,24,30,1,otsu,0.1,0.7,True,5,5,92643359432073081241,0.17919416658786422,0.17919416658786422,-inf,0.5,lucas,left,02
5,5,24,30,3,otsu,0.1,0.7,True,5,3,55446210412529920,0.20419516082994218,0.20419516082994218,-inf,0.5,lucas,left,02
5,5,24,30,3,otsu,0.1,0.7,True,5,5,91470561268195011496,0.18608494314220697,0.18608494314220697,-inf,0.5,lucas,left,02
5,5,24,30,5,otsu,0.1,0.7,True,5,3,4974337712775569298,0.20245851005918966,0.20245851005918966,-inf,0.5,lucas,left,02
5,5,24,30,5,otsu,0.1,0.7,True,5,5,671320875269474482,0.1975051978752315,0.1975051978752315,-inf,0.5,lucas,left,02
5,5,24,32,1,otsu,0.1,0.7,True,5,3,7906433770899419884,0.11030800053938829,0.11030800053938829,-inf,0.5,lucas,left,02
5,5,24,32,1,otsu,0.1,0.7,True,5,5,95531306739752676892,0.10816951000379364,0.10816951000379364,-inf,0.5,lucas,left,02
5,5,24,32,3,otsu,0.1,0.7,True,5,3,8184913564198931943,0.11034438775688957,0.11034438775688957,-inf,0.5,lucas,left,02
5,5,24,32,3,otsu,0.1,0.7,True,5,5,97203557649238062197,0.10959840804490177,0.10959840804490177,-inf,0.5,lucas,left,02
5,5,24,32,5,otsu,0.1,0.7,True,5,3,7252614318818682220,0.113510139421411,0.113510139421411,-inf,0.5,lucas,left,02
5,5,24,32,5,otsu,0.1,0.7,True,5,5,92979627729491999874,0.113510139421411,0.113510139421411,-inf,0.5,lucas,left,02
5,5,24,34,1,otsu,0.1,0.7,True,5,3,92236767337179383946,0.10721979436111523,0.10721979436111523,-inf,0.5,lucas,left,02
5,5,24,34,1,otsu,0.1,0.7,True,5,5,94903011804138339546,0.11343096202400554,0.11343096202400554,-inf,0.5,lucas,left,02
5,5,24,34,3,otsu,0.1,0.7,True,5,3,6918349413918886404,0.10725840819709093,0.10725840819709093,-inf,0.5,lucas,left,02
5,5,24,34,3,otsu,0.1,0.7,True,5,5,92833280245712613482,0.11340573031260821,0.11340573031260821,-inf,0.5,lucas,left,02
5,5,24,34,5,otsu,0.1,0.7,True,5,3,6099590702041701409,0.10721884027875912,0.10721884027875912,-inf,0.5,lucas,left,02
5,5,24,34,5,otsu,0.1,0.7,True,5,5,93640971846735272870,0.11340254897231229,0.11340254897231229,-inf,0.5,lucas,left,02
5,5,24,36,1,otsu,0.1,0.7,True,5,3,5615818996378749403,0.10884398820057645,0.10884398820057645,-inf,0.5,lucas,left,02
5,5,24,36,1,otsu,0.1,0.7,True,5,5,94693361934081182272,0.11493422485053152,0.11493422485053152,-inf,0.5,lucas,left,02
5,5,24,36,3,otsu,0.1,0.7,True,5,3,93226884339940087613,0.10721884027875912,0.10721884027875912,-inf,0.5,lucas,left,02
5,5,24,36,3,otsu,0.1,0.7,True,5,5,96538938333702109499,0.11856728411681129,0.11856728411681129,-inf,0.5,lucas,left,02
5,5,24,36,5,otsu,0.1,0.7,True,5,3,522583570721610459,0.11031657005197902,0.11031657005197902,-inf,0.5,lucas,left,02
5,5,24,36,5,otsu,0.1,0.7,True,5,5,4546667896906977353,0.12168646251352012,0.12168646251352012,-inf,0.5,lucas,left,02
10,10,18,30,1,otsu,0.1,0.7,True,5,3,9214627269034684336,0.12817404492160014,0.12817404492160014,-inf,0.5,lucas,left,02
10,10,18,30,1,otsu,0.1,0.7,True,5,5,91253053540666251778,0.09912488766164279,0.09912488766164279,-inf,0.5,lucas,left,02
10,10,18,30,3,otsu,0.1,0.7,True,5,3,91663518637301127528,0.16245062387840398,0.16245062387840398,-inf,0.5,lucas,left,02
10,10,18,30,3,otsu,0.1,0.7,True,5,5,98088689819798603503,0.12334969979202609,0.12334969979202609,-inf,0.5,lucas,left,02
10,10,18,30,5,otsu,0.1,0.7,True,5,3,4522823600159022715,0.15199730710461973,0.15199730710461973,-inf,0.5,lucas,left,02
10,10,18,30,5,otsu,0.1,0.7,True,5,5,4822107155041097412,0.1385091784820848,0.1385091784820848,-inf,0.5,lucas,left,02
10,10,18,32,1,otsu,0.1,0.7,True,5,3,94500947565953316330,0.02879823192176639,0.02879823192176639,-inf,0.5,lucas,left,02
10,10,18,32,1,otsu,0.1,0.7,True,5,5,5225357240816478787,0.02879823192176639,0.02879823192176639,-inf,0.5,lucas,left,02
10,10,18,32,3,otsu,0.1,0.7,True,5,3,800423101328540104,0.027204860347515274,0.027204860347515274,-inf,0.5,lucas,left,02
10,10,18,32,3,otsu,0.1,0.7,True,5,5,5270770883159356380,0.02879823192176639,0.02879823192176639,-inf,0.5,lucas,left,02
10,10,18,32,5,otsu,0.1,0.7,True,5,3,6989282282385044911,0.027204860347515274,0.027204860347515274,-inf,0.5,lucas,left,02
10,10,18,32,5,otsu,0.1,0.7,True,5,5,92407173341369413387,0.027204860347515274,0.027204860347515274,-inf,0.5,lucas,left,02
10,10,18,34,1,otsu,0.1,0.7,True,5,3,93096837536946101400,0.02879823192176639,0.02879823192176639,-inf,0.5,lucas,left,02
10,10,18,34,1,otsu,0.1,0.7,True,5,5,2437955162960391597,0.028059190127678723,0.028059190127678723,-inf,0.5,lucas,left,02
10,10,18,34,3,otsu,0.1,0.7,True,5,3,92005332135496773045,0.02879823192176639,0.02879823192176639,-inf,0.5,lucas,left,02
10,10,18,34,3,otsu,0.1,0.7,True,5,5,92559531674136052489,0.02879823192176639,0.02879823192176639,-inf,0.5,lucas,left,02
10,10,18,34,5,otsu,0.1,0.7,True,5,3,9066242164321675038,0.02879823192176639,0.02879823192176639,-inf,0.5,lucas,left,02
10,10,18,34,5,otsu,0.1,0.7,True,5,5,9139859749781841568,0.029656977102278135,0.029656977102278135,-inf,0.5,lucas,left,02
10,10,18,36,1,otsu,0.1,0.7,True,5,3,96602696590680917362,0.02879823192176639,0.02879823192176639,-inf,0.5,lucas,left,02
10,10,18,36,1,otsu,0.1,0.7,True,5,5,938787342082810834,0.029656977102278135,0.029656977102278135,-inf,0.5,lucas,left,02
10,10,18,36,3,otsu,0.1,0.7,True,5,3,5375378802883551939,0.02879823192176639,0.02879823192176639,-inf,0.5,lucas,left,02
10,10,18,36,3,otsu,0.1,0.7,True,5,5,6350383577090789952,0.03296449001979509,0.03296449001979509,-inf,0.5,lucas,left,02
10,10,18,36,5,otsu,0.1,0.7,True,5,3,8683690968392053347,0.02879823192176639,0.02879823192176639,-inf,0.5,lucas,left,02
10,10,18,36,5,otsu,0.1,0.7,True,5,5,1038339651785788587,0.03296449001979509,0.03296449001979509,-inf,0.5,lucas,left,02
10,10,20,30,1,otsu,0.1,0.7,True,5,3,95089438647370155083,0.12951675859878017,0.12951675859878017,-inf,0.5,lucas,left,02
10,10,20,30,1,otsu,0.1,0.7,True,5,5,4971225999716606670,0.09912488766164279,0.09912488766164279,-inf,0.5,lucas,left,02
10,10,20,30,3,otsu,0.1,0.7,True,5,3,4163998292639478733,0.1622766315328466,0.1622766315328466,-inf,0.5,lucas,left,02
10,10,20,30,3,otsu,0.1,0.7,True,5,5,93526052494587557793,0.11832558403639909,0.11832558403639909,-inf,0.5,lucas,left,02
10,10,20,30,5,otsu,0.1,0.7,True,5,3,90918756088721416571,0.15199730710461973,0.15199730710461973,-inf,0.5,lucas,left,02
10,10,20,30,5,otsu,0.1,0.7,True,5,5,92294415389460756795,0.12184251181541812,0.12184251181541812,-inf,0.5,lucas,left,02
10,10,20,32,1,otsu,0.1,0.7,True,5,3,6044457858997396521,0.02879823192176639,0.02879823192176639,-inf,0.5,lucas,left,02
10,10,20,32,1,otsu,0.1,0.7,True,5,5,98167793732746352477,0.02879823192176639,0.02879823192176639,-inf,0.5,lucas,left,02
10,10,20,32,3,otsu,0.1,0.7,True,5,3,4982005654012565866,0.027204860347515274,0.027204860347515274,-inf,0.5,lucas,left,02
10,10,20,32,3,otsu,0.1,0.7,True,5,5,6710884116207474565,0.02879823192176639,0.02879823192176639,-inf,0.5,lucas,left,02
10,10,20,32,5,otsu,0.1,0.7,True,5,3,2373002649299893973,0.027204860347515274,0.027204860347515274,-inf,0.5,lucas,left,02
10,10,20,32,5,otsu,0.1,0.7,True,5,5,3735216273787320356,0.027204860347515274,0.027204860347515274,-inf,0.5,lucas,left,02
10,10,20,34,1,otsu,0.1,0.7,True,5,3,2466925537729231193,0.028059190127678723,0.028059190127678723,-inf,0.5,lucas,left,02
10,10,20,34,1,otsu,0.1,0.7,True,5,5,1922566635593831405,0.028059190127678723,0.028059190127678723,-inf,0.5,lucas,left,02
10,10,20,34,3,otsu,0.1,0.7,True,5,3,98092401340099141238,0.02879823192176639,0.02879823192176639,-inf,0.5,lucas,left,02
10,10,20,34,3,otsu,0.1,0.7,True,5,5,95948742859937540512,0.02879823192176639,0.02879823192176639,-inf,0.5,lucas,left,02
10,10,20,34,5,otsu,0.1,0.7,True,5,3,95373583451720403430,0.02879823192176639,0.02879823192176639,-inf,0.5,lucas,left,02
10,10,20,34,5,otsu,0.1,0.7,True,5,5,7630857859724382712,0.029656977102278135,0.029656977102278135,-inf,0.5,lucas,left,02
10,10,20,36,1,otsu,0.1,0.7,True,5,3,6678998327477675051,0.02879823192176639,0.02879823192176639,-inf,0.5,lucas,left,02
10,10,20,36,1,otsu,0.1,0.7,True,5,5,3997015101426936895,0.029656977102278135,0.029656977102278135,-inf,0.5,lucas,left,02
10,10,20,36,3,otsu,0.1,0.7,True,5,3,91359244297132082000,0.02879823192176639,0.02879823192176639,-inf,0.5,lucas,left,02
10,10,20,36,3,otsu,0.1,0.7,True,5,5,348469544594368829,0.03296449001979509,0.03296449001979509,-inf,0.5,lucas,left,02
10,10,20,36,5,otsu,0.1,0.7,True,5,3,7517089762250251832,0.02879823192176639,0.02879823192176639,-inf,0.5,lucas,left,02
10,10,20,36,5,otsu,0.1,0.7,True,5,5,99957931387054381241,0.03296449001979509,0.03296449001979509,-inf,0.5,lucas,left,02
10,10,22,30,1,otsu,0.1,0.7,True,5,3,4834627823973099898,0.13605480790210275,0.13605480790210275,-inf,0.5,lucas,left,02
10,10,22,30,1,otsu,0.1,0.7,True,5,5,1537135154591627908,0.09912488766164279,0.09912488766164279,-inf,0.5,lucas,left,02
10,10,22,30,3,otsu,0.1,0.7,True,5,3,97144820670834269058,0.15994893819568948,0.15994893819568948,-inf,0.5,lucas,left,02
10,10,22,30,3,otsu,0.1,0.7,True,5,5,8062106198157982184,0.11832558403639909,0.11832558403639909,-inf,0.5,lucas,left,02
10,10,22,30,5,otsu,0.1,0.7,True,5,3,96528534367870178549,0.15199730710461973,0.15199730710461973,-inf,0.5,lucas,left,02
10,10,22,30,5,otsu,0.1,0.7,True,5,5,94400813586342283078,0.12846094697083077,0.12846094697083077,-inf,0.5,lucas,left,02
10,10,22,32,1,otsu,0.1,0.7,True,5,3,93813556568971503324,0.02879823192176639,0.02879823192176639,-inf,0.5,lucas,left,02
10,10,22,32,1,otsu,0.1,0.7,True,5,5,93750407018853110407,0.02879823192176639,0.02879823192176639,-inf,0.5,lucas,left,02
10,10,22,32,3,otsu,0.1,0.7,True,5,3,2857641842398878262,0.027204860347515274,0.027204860347515274,-inf,0.5,lucas,left,02
10,10,22,32,3,otsu,0.1,0.7,True,5,5,8275522301207481509,0.02879823192176639,0.02879823192176639,-inf,0.5,lucas,left,02
10,10,22,32,5,otsu,0.1,0.7,True,5,3,91647665286770367527,0.027204860347515274,0.027204860347515274,-inf,0.5,lucas,left,02
10,10,22,32,5,otsu,0.1,0.7,True,5,5,94823340637429602347,0.027204860347515274,0.027204860347515274,-inf,0.5,lucas,left,02
10,10,22,34,1,otsu,0.1,0.7,True,5,3,95739851465081332693,0.02879823192176639,0.02879823192176639,-inf,0.5,lucas,left,02
10,10,22,34,1,otsu,0.1,0.7,True,5,5,8225716434219350414,0.028059190127678723,0.028059190127678723,-inf,0.5,lucas,left,02
10,10,22,34,3,otsu,0.1,0.7,True,5,3,92726548072390456748,0.02879823192176639,0.02879823192176639,-inf,0.5,lucas,left,02
10,10,22,34,3,otsu,0.1,0.7,True,5,5,97781445981219180815,0.02879823192176639,0.02879823192176639,-inf,0.5,lucas,left,02
10,10,22,34,5,otsu,0.1,0.7,True,5,3,99289866576688722257,0.02879823192176639,0.02879823192176639,-inf,0.5,lucas,left,02
10,10,22,34,5,otsu,0.1,0.7,True,5,5,93727009170964130984,0.029656977102278135,0.029656977102278135,-inf,0.5,lucas,left,02
10,10,22,36,1,otsu,0.1,0.7,True,5,3,92723666201270522551,0.02879823192176639,0.02879823192176639,-inf,0.5,lucas,left,02
10,10,22,36,1,otsu,0.1,0.7,True,5,5,6921757507724389409,0.029656977102278135,0.029656977102278135,-inf,0.5,lucas,left,02
10,10,22,36,3,otsu,0.1,0.7,True,5,3,98561814286980977168,0.02879823192176639,0.02879823192176639,-inf,0.5,lucas,left,02
10,10,22,36,3,otsu,0.1,0.7,True,5,5,4368296530028592964,0.03296449001979509,0.03296449001979509,-inf,0.5,lucas,left,02
10,10,22,36,5,otsu,0.1,0.7,True,5,3,94008905217448903724,0.02879823192176639,0.02879823192176639,-inf,0.5,lucas,left,02
10,10,22,36,5,otsu,0.1,0.7,True,5,5,2228703670327880362,0.03296449001979509,0.03296449001979509,-inf,0.5,lucas,left,02
10,10,24,30,1,otsu,0.1,0.7,True,5,3,8352508157874432061,0.14140350882393152,0.14140350882393152,-inf,0.5,lucas,left,02
10,10,24,30,1,otsu,0.1,0.7,True,5,5,6562400762536627377,0.09912488766164279,0.09912488766164279,-inf,0.5,lucas,left,02
10,10,24,30,3,otsu,0.1,0.7,True,5,3,99673993855048585270,0.16412128923420516,0.16412128923420516,-inf,0.5,lucas,left,02
10,10,24,30,3,otsu,0.1,0.7,True,5,5,97114911370422689801,0.11832558403639909,0.11832558403639909,-inf,0.5,lucas,left,02
10,10,24,30,5,otsu,0.1,0.7,True,5,3,8986089937648098292,0.15702293782127466,0.15702293782127466,-inf,0.5,lucas,left,02
10,10,24,30,5,otsu,0.1,0.7,True,5,5,8193174375369071190,0.12184251181541812,0.12184251181541812,-inf,0.5,lucas,left,02
10,10,24,32,1,otsu,0.1,0.7,True,5,3,5590833398522380736,0.02879823192176639,0.02879823192176639,-inf,0.5,lucas,left,02
10,10,24,32,1,otsu,0.1,0.7,True,5,5,95187397425194133654,0.02879823192176639,0.02879823192176639,-inf,0.5,lucas,left,02
10,10,24,32,3,otsu,0.1,0.7,True,5,3,6869423610987182572,0.027204860347515274,0.027204860347515274,-inf,0.5,lucas,left,02
10,10,24,32,3,otsu,0.1,0.7,True,5,5,3869015369654600462,0.02879823192176639,0.02879823192176639,-inf,0.5,lucas,left,02
10,10,24,32,5,otsu,0.1,0.7,True,5,3,91085630871258386310,0.027204860347515274,0.027204860347515274,-inf,0.5,lucas,left,02
10,10,24,32,5,otsu,0.1,0.7,True,5,5,1297761116148116163,0.027204860347515274,0.027204860347515274,-inf,0.5,lucas,left,02
10,10,24,34,1,otsu,0.1,0.7,True,5,3,90801806310906647135,0.02879823192176639,0.02879823192176639,-inf,0.5,lucas,left,02
10,10,24,34,1,otsu,0.1,0.7,True,5,5,96069819463649349451,0.028059190127678723,0.028059190127678723,-inf,0.5,lucas,left,02
10,10,24,34,3,otsu,0.1,0.7,True,5,3,3461392770055271394,0.02879823192176639,0.02879823192176639,-inf,0.5,lucas,left,02
10,10,24,34,3,otsu,0.1,0.7,True,5,5,4244422715289080103,0.02879823192176639,0.02879823192176639,-inf,0.5,lucas,left,02
10,10,24,34,5,otsu,0.1,0.7,True,5,3,4342762725784118570,0.02879823192176639,0.02879823192176639,-inf,0.5,lucas,left,02
10,10,24,34,5,otsu,0.1,0.7,True,5,5,1361153157721915492,0.029656977102278135,0.029656977102278135,-inf,0.5,lucas,left,02
10,10,24,36,1,otsu,0.1,0.7,True,5,3,1454359186659070115,0.02879823192176639,0.02879823192176639,-inf,0.5,lucas,left,02
10,10,24,36,1,otsu,0.1,0.7,True,5,5,912089047077432332,0.029656977102278135,0.029656977102278135,-inf,0.5,lucas,left,02
10,10,24,36,3,otsu,0.1,0.7,True,5,3,4192142232695400275,0.02879823192176639,0.02879823192176639,-inf,0.5,lucas,left,02
10,10,24,36,3,otsu,0.1,0.7,True,5,5,97698571389477150849,0.03296449001979509,0.03296449001979509,-inf,0.5,lucas,left,02
10,10,24,36,5,otsu,0.1,0.7,True,5,3,3516681688234926078,0.02879823192176639,0.02879823192176639,-inf,0.5,lucas,left,02
10,10,24,36,5,otsu,0.1,0.7,True,5,5,2152812440223796679,0.03296449001979509,0.03296449001979509,-inf,0.5,lucas,left,02
15,15,18,30,1,otsu,0.1,0.7,True,5,3,95238740333969218294,0.13449610723758712,0.13449610723758712,-inf,0.5,lucas,left,02
15,15,18,30,1,otsu,0.1,0.7,True,5,5,95261432002173268398,0.13170552000742378,0.13170552000742378,-inf,0.5,lucas,left,02
15,15,18,30,3,otsu,0.1,0.7,True,5,3,4590053339677189601,0.17750514534305806,0.17750514534305806,-inf,0.5,lucas,left,02
15,15,18,30,3,otsu,0.1,0.7,True,5,5,92129176496868195461,0.16050327372330608,0.16050327372330608,-inf,0.5,lucas,left,02
15,15,18,30,5,otsu,0.1,0.7,True,5,3,5872940712533434347,0.178547259226767,0.178547259226767,-inf,0.5,lucas,left,02
15,15,18,30,5,otsu,0.1,0.7,True,5,5,99994233157210189159,0.1671260264218703,0.1671260264218703,-inf,0.5,lucas,left,02
15,15,18,32,1,otsu,0.1,0.7,True,5,3,8924302775928328065,0.03456281770589606,0.03456281770589606,-inf,0.5,lucas,left,02
15,15,18,32,1,otsu,0.1,0.7,True,5,5,98733347294637501136,0.041438210204854616,0.041438210204854616,-inf,0.5,lucas,left,02
15,15,18,32,3,otsu,0.1,0.7,True,5,3,93366528133368981583,0.044571351844775293,0.044571351844775293,-inf,0.5,lucas,left,02
15,15,18,32,3,otsu,0.1,0.7,True,5,5,7466255980478424501,0.04471080645049004,0.04471080645049004,-inf,0.5,lucas,left,02
15,15,18,32,5,otsu,0.1,0.7,True,5,3,7085825700824466253,0.044571351844775293,0.044571351844775293,-inf,0.5,lucas,left,02
15,15,18,32,5,otsu,0.1,0.7,True,5,5,94496697924027606948,0.04471080645049004,0.04471080645049004,-inf,0.5,lucas,left,02
15,15,18,34,1,otsu,0.1,0.7,True,5,3,3044284358341973359,0.03658094582434208,0.03658094582434208,-inf,0.5,lucas,left,02
15,15,18,34,1,otsu,0.1,0.7,True,5,5,2335839335891450507,0.04414467906736321,0.04414467906736321,-inf,0.5,lucas,left,02
15,15,18,34,3,otsu,0.1,0.7,True,5,3,97027228712707545921,0.03658094582434208,0.03658094582434208,-inf,0.5,lucas,left,02
15,15,18,34,3,otsu,0.1,0.7,True,5,5,94672552276036617582,0.04301589694170871,0.04301589694170871,-inf,0.5,lucas,left,02
15,15,18,34,5,otsu,0.1,0.7,True,5,3,1502711518791916326,0.0390920742911528,0.0390920742911528,-inf,0.5,lucas,left,02
15,15,18,34,5,otsu,0.1,0.7,True,5,5,2416241025976476167,0.044906373706608875,0.044906373706608875,-inf,0.5,lucas,left,02
15,15,18,36,1,otsu,0.1,0.7,True,5,3,8099569658909908984,0.03482992366515665,0.03482992366515665,-inf,0.5,lucas,left,02
15,15,18,36,1,otsu,0.1,0.7,True,5,5,96509017626129922849,0.0448252965225554,0.0448252965225554,-inf,0.5,lucas,left,02
15,15,18,36,3,otsu,0.1,0.7,True,5,3,2792541375835602240,0.03658094582434208,0.03658094582434208,-inf,0.5,lucas,left,02
15,15,18,36,3,otsu,0.1,0.7,True,5,5,8181466793937986847,0.046576318681740836,0.046576318681740836,-inf,0.5,lucas,left,02
15,15,18,36,5,otsu,0.1,0.7,True,5,3,95242159585051485062,0.039514079483758825,0.039514079483758825,-inf,0.5,lucas,left,02
15,15,18,36,5,otsu,0.1,0.7,True,5,5,4041768569080535920,0.046576318681740836,0.046576318681740836,-inf,0.5,lucas,left,02
15,15,20,30,1,otsu,0.1,0.7,True,5,3,1479741877961061883,0.14384494638601406,0.14384494638601406,-inf,0.5,lucas,left,02
15,15,20,30,1,otsu,0.1,0.7,True,5,5,90839329361713030432,0.13170552000742378,0.13170552000742378,-inf,0.5,lucas,left,02
15,15,20,30,3,otsu,0.1,0.7,True,5,3,7780788194746474358,0.169635467518934,0.169635467518934,-inf,0.5,lucas,left,02
15,15,20,30,3,otsu,0.1,0.7,True,5,5,90973307908862432689,0.15597397022792928,0.15597397022792928,-inf,0.5,lucas,left,02
15,15,20,30,5,otsu,0.1,0.7,True,5,3,95448479701258360907,0.1715880850535991,0.1715880850535991,-inf,0.5,lucas,left,02
15,15,20,30,5,otsu,0.1,0.7,True,5,5,8671111794650945143,0.16154890583905307,0.16154890583905307,-inf,0.5,lucas,left,02
15,15,20,32,1,otsu,0.1,0.7,True,5,3,97245089415948447385,0.03456281770589606,0.03456281770589606,-inf,0.5,lucas,left,02
15,15,20,32,1,otsu,0.1,0.7,True,5,5,95826058095937545325,0.041438210204854616,0.041438210204854616,-inf,0.5,lucas,left,02
15,15,20,32,3,otsu,0.1,0.7,True,5,3,92575796236635493879,0.04282055654601082,0.04282055654601082,-inf,0.5,lucas,left,02
15,15,20,32,3,otsu,0.1,0.7,True,5,5,95687958667437231045,0.04471080645049004,0.04471080645049004,-inf,0.5,lucas,left,02
15,15,20,32,5,otsu,0.1,0.7,True,5,3,97033176645434617054,0.044571351844775293,0.044571351844775293,-inf,0.5,lucas,left,02
15,15,20,32,5,otsu,0.1,0.7,True,5,5,5906911126929844370,0.04471080645049004,0.04471080645049004,-inf,0.5,lucas,left,02
15,15,20,34,1,otsu,0.1,0.7,True,5,3,7435563880634309550,0.03658094582434208,0.03658094582434208,-inf,0.5,lucas,left,02
15,15,20,34,1,otsu,0.1,0.7,True,5,5,93825450709359648710,0.04414467906736321,0.04414467906736321,-inf,0.5,lucas,left,02
15,15,20,34,3,otsu,0.1,0.7,True,5,3,4069975677530462302,0.03658094582434208,0.03658094582434208,-inf,0.5,lucas,left,02
15,15,20,34,3,otsu,0.1,0.7,True,5,5,3040742902687134224,0.04301589694170871,0.04301589694170871,-inf,0.5,lucas,left,02
15,15,20,34,5,otsu,0.1,0.7,True,5,3,98160361379263876573,0.0390920742911528,0.0390920742911528,-inf,0.5,lucas,left,02
15,15,20,34,5,otsu,0.1,0.7,True,5,5,8186655555264123262,0.044906373706608875,0.044906373706608875,-inf,0.5,lucas,left,02
15,15,20,36,1,otsu,0.1,0.7,True,5,3,795674339792417643,0.03482992366515665,0.03482992366515665,-inf,0.5,lucas,left,02
15,15,20,36,1,otsu,0.1,0.7,True,5,5,91492524866498779475,0.0448252965225554,0.0448252965225554,-inf,0.5,lucas,left,02
15,15,20,36,3,otsu,0.1,0.7,True,5,3,91876585497705012393,0.03658094582434208,0.03658094582434208,-inf,0.5,lucas,left,02
15,15,20,36,3,otsu,0.1,0.7,True,5,5,8675858243576634667,0.046576318681740836,0.046576318681740836,-inf,0.5,lucas,left,02
15,15,20,36,5,otsu,0.1,0.7,True,5,3,7624836988467085474,0.039374624878044086,0.039374624878044086,-inf,0.5,lucas,left,02
15,15,20,36,5,otsu,0.1,0.7,True,5,5,6702905219842501876,0.046576318681740836,0.046576318681740836,-inf,0.5,lucas,left,02
15,15,22,30,1,otsu,0.1,0.7,True,5,3,221484539758800405,0.14384494638601406,0.14384494638601406,-inf,0.5,lucas,left,02
15,15,22,30,1,otsu,0.1,0.7,True,5,5,98351044528466670932,0.13170552000742378,0.13170552000742378,-inf,0.5,lucas,left,02
15,15,22,30,3,otsu,0.1,0.7,True,5,3,92809962887177026807,0.169635467518934,0.169635467518934,-inf,0.5,lucas,left,02
15,15,22,30,3,otsu,0.1,0.7,True,5,5,99277941697963587141,0.15597397022792928,0.15597397022792928,-inf,0.5,lucas,left,02
15,15,22,30,5,otsu,0.1,0.7,True,5,3,92789620056967950238,0.1715880850535991,0.1715880850535991,-inf,0.5,lucas,left,02
15,15,22,30,5,otsu,0.1,0.7,True,5,5,1874189942614570759,0.16154890583905307,0.16154890583905307,-inf,0.5,lucas,left,02
15,15,22,32,1,otsu,0.1,0.7,True,5,3,7896549973449053586,0.03456281770589606,0.03456281770589606,-inf,0.5,lucas,left,02
15,15,22,32,1,otsu,0.1,0.7,True,5,5,4350326387674179781,0.041438210204854616,0.041438210204854616,-inf,0.5,lucas,left,02
15,15,22,32,3,otsu,0.1,0.7,True,5,3,2173554132650481821,0.04282055654601082,0.04282055654601082,-inf,0.5,lucas,left,02
15,15,22,32,3,otsu,0.1,0.7,True,5,5,92804046363359167264,0.04471080645049004,0.04471080645049004,-inf,0.5,lucas,left,02
15,15,22,32,5,otsu,0.1,0.7,True,5,3,8668776776134734064,0.044571351844775293,0.044571351844775293,-inf,0.5,lucas,left,02
15,15,22,32,5,otsu,0.1,0.7,True,5,5,542581885687934536,0.04471080645049004,0.04471080645049004,-inf,0.5,lucas,left,02
15,15,22,34,1,otsu,0.1,0.7,True,5,3,90778559984233464559,0.03658094582434208,0.03658094582434208,-inf,0.5,lucas,left,02
15,15,22,34,1,otsu,0.1,0.7,True,5,5,1606970589591615458,0.04414467906736321,0.04414467906736321,-inf,0.5,lucas,left,02
15,15,22,34,3,otsu,0.1,0.7,True,5,3,91868262373535570510,0.03658094582434208,0.03658094582434208,-inf,0.5,lucas,left,02
15,15,22,34,3,otsu,0.1,0.7,True,5,5,1341634293979395957,0.04301589694170871,0.04301589694170871,-inf,0.5,lucas,left,02
15,15,22,34,5,otsu,0.1,0.7,True,5,3,1846514097170447562,0.0390920742911528,0.0390920742911528,-inf,0.5,lucas,left,02
15,15,22,34,5,otsu,0.1,0.7,True,5,5,7739998127455895883,0.044906373706608875,0.044906373706608875,-inf,0.5,lucas,left,02
15,15,22,36,1,otsu,0.1,0.7,True,5,3,99432845600295405343,0.03482992366515665,0.03482992366515665,-inf,0.5,lucas,left,02
15,15,22,36,1,otsu,0.1,0.7,True,5,5,96795181190070120363,0.0448252965225554,0.0448252965225554,-inf,0.5,lucas,left,02
15,15,22,36,3,otsu,0.1,0.7,True,5,3,7671235177073644098,0.03658094582434208,0.03658094582434208,-inf,0.5,lucas,left,02
15,15,22,36,3,otsu,0.1,0.7,True,5,5,99066806562885085268,0.046576318681740836,0.046576318681740836,-inf,0.5,lucas,left,02
15,15,22,36,5,otsu,0.1,0.7,True,5,3,96629780981455461614,0.039514079483758825,0.039514079483758825,-inf,0.5,lucas,left,02
15,15,22,36,5,otsu,0.1,0.7,True,5,5,2613862271265664320,0.046576318681740836,0.046576318681740836,-inf,0.5,lucas,left,02
15,15,24,30,1,otsu,0.1,0.7,True,5,3,1434514513713520879,0.14384494638601406,0.14384494638601406,-inf,0.5,lucas,left,02
15,15,24,30,1,otsu,0.1,0.7,True,5,5,93313492057760447686,0.13170552000742378,0.13170552000742378,-inf,0.5,lucas,left,02
15,15,24,30,3,otsu,0.1,0.7,True,5,3,93705189718647766147,0.17040396708916947,0.17040396708916947,-inf,0.5,lucas,left,02
15,15,24,30,3,otsu,0.1,0.7,True,5,5,93666430472591842853,0.1567424697981647,0.1567424697981647,-inf,0.5,lucas,left,02
15,15,24,30,5,otsu,0.1,0.7,True,5,3,7069879981784121714,0.1715880850535991,0.1715880850535991,-inf,0.5,lucas,left,02
15,15,24,30,5,otsu,0.1,0.7,True,5,5,512413176523747557,0.16154890583905307,0.16154890583905307,-inf,0.5,lucas,left,02
15,15,24,32,1,otsu,0.1,0.7,True,5,3,99474562880626289387,0.03456281770589606,0.03456281770589606,-inf,0.5,lucas,left,02
15,15,24,32,1,otsu,0.1,0.7,True,5,5,94228581659863050230,0.041438210204854616,0.041438210204854616,-inf,0.5,lucas,left,02
15,15,24,32,3,otsu,0.1,0.7,True,5,3,8537669839128952707,0.04282055654601082,0.04282055654601082,-inf,0.5,lucas,left,02
15,15,24,32,3,otsu,0.1,0.7,True,5,5,6162495696272915837,0.04471080645049004,0.04471080645049004,-inf,0.5,lucas,left,02
15,15,24,32,5,otsu,0.1,0.7,True,5,3,91143611002976048886,0.044571351844775293,0.044571351844775293,-inf,0.5,lucas,left,02
15,15,24,32,5,otsu,0.1,0.7,True,5,5,94487210262663134789,0.04471080645049004,0.04471080645049004,-inf,0.5,lucas,left,02
15,15,24,34,1,otsu,0.1,0.7,True,5,3,92218579695969490958,0.03658094582434208,0.03658094582434208,-inf,0.5,lucas,left,02
15,15,24,34,1,otsu,0.1,0.7,True,5,5,4484514727847492452,0.04414467906736321,0.04414467906736321,-inf,0.5,lucas,left,02
15,15,24,34,3,otsu,0.1,0.7,True,5,3,92136438750500822303,0.03658094582434208,0.03658094582434208,-inf,0.5,lucas,left,02
15,15,24,34,3,otsu,0.1,0.7,True,5,5,95763065532544272601,0.04301589694170871,0.04301589694170871,-inf,0.5,lucas,left,02
15,15,24,34,5,otsu,0.1,0.7,True,5,3,7389657966007464850,0.0390920742911528,0.0390920742911528,-inf,0.5,lucas,left,02
15,15,24,34,5,otsu,0.1,0.7,True,5,5,93470255756431476238,0.044906373706608875,0.044906373706608875,-inf,0.5,lucas,left,02
15,15,24,36,1,otsu,0.1,0.7,True,5,3,91432599584376921468,0.03482992366515665,0.03482992366515665,-inf,0.5,lucas,left,02
15,15,24,36,1,otsu,0.1,0.7,True,5,5,686096853529030450,0.0448252965225554,0.0448252965225554,-inf,0.5,lucas,left,02
15,15,24,36,3,otsu,0.1,0.7,True,5,3,99286804831031300577,0.03658094582434208,0.03658094582434208,-inf,0.5,lucas,left,02
15,15,24,36,3,otsu,0.1,0.7,True,5,5,96374089057464469616,0.046576318681740836,0.046576318681740836,-inf,0.5,lucas,left,02
15,15,24,36,5,otsu,0.1,0.7,True,5,3,99753549970178339276,0.039514079483758825,0.039514079483758825,-inf,0.5,lucas,left,02
15,15,24,36,5,otsu,0.1,0.7,True,5,5,3774295500492397659,0.046576318681740836,0.046576318681740836,-inf,0.5,lucas,left,02
20,20,18,30,1,otsu,0.1,0.7,True,5,3,94005732484988031844,0.13726169446634023,0.13726169446634023,-inf,0.5,lucas,left,02
20,20,18,30,1,otsu,0.1,0.7,True,5,5,97173114137360303261,0.07969959171712458,0.07969959171712458,-inf,0.5,lucas,left,02
20,20,18,30,3,otsu,0.1,0.7,True,5,3,97525965931804536649,0.15379923654209315,0.15379923654209315,-inf,0.5,lucas,left,02
20,20,18,30,3,otsu,0.1,0.7,True,5,5,2874733359682368554,0.1487301631249704,0.1487301631249704,-inf,0.5,lucas,left,02
20,20,18,30,5,otsu,0.1,0.7,True,5,3,8159056690012777538,0.2000266407829567,0.2000266407829567,-inf,0.5,lucas,left,02
20,20,18,30,5,otsu,0.1,0.7,True,5,5,7860180848933364332,0.18215592952739978,0.18215592952739978,-inf,0.5,lucas,left,02
20,20,18,32,1,otsu,0.1,0.7,True,5,3,5599494254621983623,0.01400635002306175,0.01400635002306175,-inf,0.5,lucas,left,02
20,20,18,32,1,otsu,0.1,0.7,True,5,5,7993658501411593846,0.01400635002306175,0.01400635002306175,-inf,0.5,lucas,left,02
20,20,18,32,3,otsu,0.1,0.7,True,5,3,94237912513238027135,0.01777524159205131,0.01777524159205131,-inf,0.5,lucas,left,02
20,20,18,32,3,otsu,0.1,0.7,True,5,5,90853078152949298625,0.01400635002306175,0.01400635002306175,-inf,0.5,lucas,left,02
20,20,18,32,5,otsu,0.1,0.7,True,5,3,95848628657200541569,0.019659502735571713,0.019659502735571713,-inf,0.5,lucas,left,02
20,20,18,32,5,otsu,0.1,0.7,True,5,5,97718109805326828979,0.015890611166582153,0.015890611166582153,-inf,0.5,lucas,left,02
20,20,18,34,1,otsu,0.1,0.7,True,5,3,7793375102179687153,0.01400635002306175,0.01400635002306175,-inf,0.5,lucas,left,02
20,20,18,34,1,otsu,0.1,0.7,True,5,5,94699412970789982623,0.017775149285134677,0.017775149285134677,-inf,0.5,lucas,left,02
20,20,18,34,3,otsu,0.1,0.7,True,5,3,8837684718039521058,0.01400635002306175,0.01400635002306175,-inf,0.5,lucas,left,02
20,20,18,34,3,otsu,0.1,0.7,True,5,5,97880084566688954831,0.017775149285134677,0.017775149285134677,-inf,0.5,lucas,left,02
20,20,18,34,5,otsu,0.1,0.7,True,5,3,5167691268259223065,0.01400635002306175,0.01400635002306175,-inf,0.5,lucas,left,02
20,20,18,34,5,otsu,0.1,0.7,True,5,5,2741330135708756096,0.017775149285134677,0.017775149285134677,-inf,0.5,lucas,left,02
20,20,18,36,1,otsu,0.1,0.7,True,5,3,91677753209783584865,0.01400635002306175,0.01400635002306175,-inf,0.5,lucas,left,02
20,20,18,36,1,otsu,0.1,0.7,True,5,5,94018810772557104409,0.017775149285134677,0.017775149285134677,-inf,0.5,lucas,left,02
20,20,18,36,3,otsu,0.1,0.7,True,5,3,97388600879572774506,0.01400635002306175,0.01400635002306175,-inf,0.5,lucas,left,02
20,20,18,36,3,otsu,0.1,0.7,True,5,5,92988428873341657913,0.017775149285134677,0.017775149285134677,-inf,0.5,lucas,left,02
20,20,18,36,5,otsu,0.1,0.7,True,5,3,96654953293372787053,0.015890611166582153,0.015890611166582153,-inf,0.5,lucas,left,02
20,20,18,36,5,otsu,0.1,0.7,True,5,5,93164645534784940406,0.017775149285134677,0.017775149285134677,-inf,0.5,lucas,left,02
20,20,20,30,1,otsu,0.1,0.7,True,5,3,98184731934019452568,0.10812484974296772,0.10812484974296772,-inf,0.5,lucas,left,02
20,20,20,30,1,otsu,0.1,0.7,True,5,5,97406062431956196035,0.07969959171712458,0.07969959171712458,-inf,0.5,lucas,left,02
20,20,20,30,3,otsu,0.1,0.7,True,5,3,2773252813685992204,0.16307426774102465,0.16307426774102465,-inf,0.5,lucas,left,02
20,20,20,30,3,otsu,0.1,0.7,True,5,5,4217103126143924360,0.1487301631249704,0.1487301631249704,-inf,0.5,lucas,left,02
20,20,20,30,5,otsu,0.1,0.7,True,5,3,6015217905823543573,0.20592272473621667,0.20592272473621667,-inf,0.5,lucas,left,02
20,20,20,30,5,otsu,0.1,0.7,True,5,5,2409230130390590387,0.18494893545380559,0.18494893545380559,-inf,0.5,lucas,left,02
20,20,20,32,1,otsu,0.1,0.7,True,5,3,3375660399227791099,0.01400635002306175,0.01400635002306175,-inf,0.5,lucas,left,02
20,20,20,32,1,otsu,0.1,0.7,True,5,5,8059024530582888516,0.01400635002306175,0.01400635002306175,-inf,0.5,lucas,left,02
20,20,20,32,3,otsu,0.1,0.7,True,5,3,98426143456130477991,0.01777524159205131,0.01777524159205131,-inf,0.5,lucas,left,02
20,20,20,32,3,otsu,0.1,0.7,True,5,5,6881127669200389112,0.01400635002306175,0.01400635002306175,-inf,0.5,lucas,left,02
20,20,20,32,5,otsu,0.1,0.7,True,5,3,8110505412230205470,0.019659502735571713,0.019659502735571713,-inf,0.5,lucas,left,02
20,20,20,32,5,otsu,0.1,0.7,True,5,5,879069393224090372,0.015890611166582153,0.015890611166582153,-inf,0.5,lucas,left,02
20,20,20,34,1,otsu,0.1,0.7,True,5,3,5316761408761558939,0.01400635002306175,0.01400635002306175,-inf,0.5,lucas,left,02
20,20,20,34,1,otsu,0.1,0.7,True,5,5,8493610918621531434,0.017775149285134677,0.017775149285134677,-inf,0.5,lucas,left,02
20,20,20,34,3,otsu,0.1,0.7,True,5,3,3215933119610000481,0.01400635002306175,0.01400635002306175,-inf,0.5,lucas,left,02
20,20,20,34,3,otsu,0.1,0.7,True,5,5,97088257898805591926,0.017775149285134677,0.017775149285134677,-inf,0.5,lucas,left,02
20,20,20,34,5,otsu,0.1,0.7,True,5,3,91396257572510232983,0.01400635002306175,0.01400635002306175,-inf,0.5,lucas,left,02
20,20,20,34,5,otsu,0.1,0.7,True,5,5,98033815914904161103,0.017775149285134677,0.017775149285134677,-inf,0.5,lucas,left,02
20,20,20,36,1,otsu,0.1,0.7,True,5,3,6742968408271818607,0.01400635002306175,0.01400635002306175,-inf,0.5,lucas,left,02
20,20,20,36,1,otsu,0.1,0.7,True,5,5,93845549124394530155,0.017775149285134677,0.017775149285134677,-inf,0.5,lucas,left,02
20,20,20,36,3,otsu,0.1,0.7,True,5,3,5209094004453441135,0.01400635002306175,0.01400635002306175,-inf,0.5,lucas,left,02
20,20,20,36,3,otsu,0.1,0.7,True,5,5,93209684991829262616,0.017775149285134677,0.017775149285134677,-inf,0.5,lucas,left,02
20,20,20,36,5,otsu,0.1,0.7,True,5,3,91140654706070914852,0.015890611166582153,0.015890611166582153,-inf,0.5,lucas,left,02
20,20,20,36,5,otsu,0.1,0.7,True,5,5,91488985857827902136,0.017775149285134677,0.017775149285134677,-inf,0.5,lucas,left,02
20,20,22,30,1,otsu,0.1,0.7,True,5,3,97230209957780842520,0.10435595817397815,0.10435595817397815,-inf,0.5,lucas,left,02
20,20,22,30,1,otsu,0.1,0.7,True,5,5,90795559281636654752,0.07969959171712458,0.07969959171712458,-inf,0.5,lucas,left,02
20,20,22,30,3,otsu,0.1,0.7,True,5,3,96751321727455300131,0.16482111414221187,0.16482111414221187,-inf,0.5,lucas,left,02
20,20,22,30,3,otsu,0.1,0.7,True,5,5,94579683400592779720,0.13742459626384795,0.13742459626384795,-inf,0.5,lucas,left,02
20,20,22,30,5,otsu,0.1,0.7,True,5,3,2299981047355313858,0.20592272473621667,0.20592272473621667,-inf,0.5,lucas,left,02
20,20,22,30,5,otsu,0.1,0.7,True,5,5,6479989133286643581,0.18040908312621257,0.18040908312621257,-inf,0.5,lucas,left,02
20,20,22,32,1,otsu,0.1,0.7,True,5,3,95829142953189658390,0.01400635002306175,0.01400635002306175,-inf,0.5,lucas,left,02
20,20,22,32,1,otsu,0.1,0.7,True,5,5,94440510501947165535,0.01400635002306175,0.01400635002306175,-inf,0.5,lucas,left,02
20,20,22,32,3,otsu,0.1,0.7,True,5,3,8517963784797116744,0.01777524159205131,0.01777524159205131,-inf,0.5,lucas,left,02
20,20,22,32,3,otsu,0.1,0.7,True,5,5,91256498238571504350,0.01400635002306175,0.01400635002306175,-inf,0.5,lucas,left,02
20,20,22,32,5,otsu,0.1,0.7,True,5,3,5443832055478207414,0.019659502735571713,0.019659502735571713,-inf,0.5,lucas,left,02
20,20,22,32,5,otsu,0.1,0.7,True,5,5,1321718584195064802,0.015890611166582153,0.015890611166582153,-inf,0.5,lucas,left,02
20,20,22,34,1,otsu,0.1,0.7,True,5,3,1300241158066243508,0.01400635002306175,0.01400635002306175,-inf,0.5,lucas,left,02
20,20,22,34,1,otsu,0.1,0.7,True,5,5,95072026770346713309,0.017775149285134677,0.017775149285134677,-inf,0.5,lucas,left,02
20,20,22,34,3,otsu,0.1,0.7,True,5,3,5563868864558838489,0.01400635002306175,0.01400635002306175,-inf,0.5,lucas,left,02
20,20,22,34,3,otsu,0.1,0.7,True,5,5,93601779196225409653,0.017775149285134677,0.017775149285134677,-inf,0.5,lucas,left,02
20,20,22,34,5,otsu,0.1,0.7,True,5,3,1958540760465274575,0.01400635002306175,0.01400635002306175,-inf,0.5,lucas,left,02
20,20,22,34,5,otsu,0.1,0.7,True,5,5,92482671477610098116,0.017775149285134677,0.017775149285134677,-inf,0.5,lucas,left,02
20,20,22,36,1,otsu,0.1,0.7,True,5,3,94795913385701611121,0.01400635002306175,0.01400635002306175,-inf,0.5,lucas,left,02
20,20,22,36,1,otsu,0.1,0.7,True,5,5,5150944296443549041,0.017775149285134677,0.017775149285134677,-inf,0.5,lucas,left,02
20,20,22,36,3,otsu,0.1,0.7,True,5,3,92648770456428141030,0.01400635002306175,0.01400635002306175,-inf,0.5,lucas,left,02
20,20,22,36,3,otsu,0.1,0.7,True,5,5,344012977120737471,0.017775149285134677,0.017775149285134677,-inf,0.5,lucas,left,02
20,20,22,36,5,otsu,0.1,0.7,True,5,3,2563286348907358719,0.015890611166582153,0.015890611166582153,-inf,0.5,lucas,left,02
20,20,22,36,5,otsu,0.1,0.7,True,5,5,95274492877382817331,0.017775149285134677,0.017775149285134677,-inf,0.5,lucas,left,02
20,20,24,30,1,otsu,0.1,0.7,True,5,3,98684280007182440145,0.11078062581228469,0.11078062581228469,-inf,0.5,lucas,left,02
20,20,24,30,1,otsu,0.1,0.7,True,5,5,98219526975379214213,0.07969959171712458,0.07969959171712458,-inf,0.5,lucas,left,02
20,20,24,30,3,otsu,0.1,0.7,True,5,3,680466607961456565,0.1713831963057227,0.1713831963057227,-inf,0.5,lucas,left,02
20,20,24,30,3,otsu,0.1,0.7,True,5,5,94320410705666844488,0.1487301631249704,0.1487301631249704,-inf,0.5,lucas,left,02
20,20,24,30,5,otsu,0.1,0.7,True,5,3,3922826579625752785,0.2096918009733217,0.2096918009733217,-inf,0.5,lucas,left,02
20,20,24,30,5,otsu,0.1,0.7,True,5,5,507290022101633117,0.18040908312621257,0.18040908312621257,-inf,0.5,lucas,left,02
20,20,24,32,1,otsu,0.1,0.7,True,5,3,4859857149431844380,0.01400635002306175,0.01400635002306175,-inf,0.5,lucas,left,02
20,20,24,32,1,otsu,0.1,0.7,True,5,5,98367757915413278658,0.01400635002306175,0.01400635002306175,-inf,0.5,lucas,left,02
20,20,24,32,3,otsu,0.1,0.7,True,5,3,99342416625447399971,0.01777524159205131,0.01777524159205131,-inf,0.5,lucas,left,02
20,20,24,32,3,otsu,0.1,0.7,True,5,5,527491443072042748,0.01400635002306175,0.01400635002306175,-inf,0.5,lucas,left,02
20,20,24,32,5,otsu,0.1,0.7,True,5,3,5320903098380158577,0.019659502735571713,0.019659502735571713,-inf,0.5,lucas,left,02
20,20,24,32,5,otsu,0.1,0.7,True,5,5,94340727860112829248,0.015890611166582153,0.015890611166582153,-inf,0.5,lucas,left,02
20,20,24,34,1,otsu,0.1,0.7,True,5,3,95547261201902765670,0.01400635002306175,0.01400635002306175,-inf,0.5,lucas,left,02
20,20,24,34,1,otsu,0.1,0.7,True,5,5,800902344800131390,0.017775149285134677,0.017775149285134677,-inf,0.5,lucas,left,02
20,20,24,34,3,otsu,0.1,0.7,True,5,3,5762384789090184068,0.01400635002306175,0.01400635002306175,-inf,0.5,lucas,left,02
20,20,24,34,3,otsu,0.1,0.7,True,5,5,91491753174491639396,0.017775149285134677,0.017775149285134677,-inf,0.5,lucas,left,02
20,20,24,34,5,otsu,0.1,0.7,True,5,3,3958279750932718361,0.01400635002306175,0.01400635002306175,-inf,0.5,lucas,left,02
20,20,24,34,5,otsu,0.1,0.7,True,5,5,4382044812985154085,0.017775149285134677,0.017775149285134677,-inf,0.5,lucas,left,02
20,20,24,36,1,otsu,0.1,0.7,True,5,3,755256488909429468,0.01400635002306175,0.01400635002306175,-inf,0.5,lucas,left,02
20,20,24,36,1,otsu,0.1,0.7,True,5,5,6338144619101494784,0.017775149285134677,0.017775149285134677,-inf,0.5,lucas,left,02
20,20,24,36,3,otsu,0.1,0.7,True,5,3,98080226441735888712,0.01400635002306175,0.01400635002306175,-inf,0.5,lucas,left,02
20,20,24,36,3,otsu,0.1,0.7,True,5,5,91992330766964673195,0.017775149285134677,0.017775149285134677,-inf,0.5,lucas,left,02
20,20,24,36,5,otsu,0.1,0.7,True,5,3,92256185921340791560,0.015890611166582153,0.015890611166582153,-inf,0.5,lucas,left,02
20,20,24,36,5,otsu,0.1,0.7,True,5,5,91246306230078626698,0.017775149285134677,0.017775149285134677,-inf,0.5,lucas,left,02
25,25,18,30,1,otsu,0.1,0.7,True,5,3,6223117192142551100,0.1651545465012138,0.1651545465012138,-inf,0.5,lucas,left,02
25,25,18,30,1,otsu,0.1,0.7,True,5,5,7336555259737504923,0.1159313393874302,0.1159313393874302,-inf,0.5,lucas,left,02
25,25,18,30,3,otsu,0.1,0.7,True,5,3,3534930717273077597,0.15558704815382854,0.15558704815382854,-inf,0.5,lucas,left,02
25,25,18,30,3,otsu,0.1,0.7,True,5,5,3574736957635035317,0.12725371693589796,0.12725371693589796,-inf,0.5,lucas,left,02
25,25,18,30,5,otsu,0.1,0.7,True,5,3,94257023763637273783,0.16456328498347422,0.16456328498347422,-inf,0.5,lucas,left,02
25,25,18,30,5,otsu,0.1,0.7,True,5,5,94809781181644385538,0.14544098787182758,0.14544098787182758,-inf,0.5,lucas,left,02
25,25,18,32,1,otsu,0.1,0.7,True,5,3,91285792141973702722,0.011913082299217928,0.011913082299217928,-inf,0.5,lucas,left,02
25,25,18,32,1,otsu,0.1,0.7,True,5,5,93595023228923291609,0.011915082379221129,0.011915082379221129,-inf,0.5,lucas,left,02
25,25,18,32,3,otsu,0.1,0.7,True,5,3,92258306503423385739,0.011945073341956297,0.011945073341956297,-inf,0.5,lucas,left,02
25,25,18,32,3,otsu,0.1,0.7,True,5,5,97103881613296296715,0.011945073341956297,0.011945073341956297,-inf,0.5,lucas,left,02
25,25,18,32,5,otsu,0.1,0.7,True,5,3,6864817703524842513,0.011945073341956297,0.011945073341956297,-inf,0.5,lucas,left,02
25,25,18,32,5,otsu,0.1,0.7,True,5,5,93022594757434912937,0.011945073341956297,0.011945073341956297,-inf,0.5,lucas,left,02
25,25,18,34,1,otsu,0.1,0.7,True,5,3,650503610777899884,0.011915082379221129,0.011915082379221129,-inf,0.5,lucas,left,02
25,25,18,34,1,otsu,0.1,0.7,True,5,5,1179095579607085089,0.011915082379221129,0.011915082379221129,-inf,0.5,lucas,left,02
25,25,18,34,3,otsu,0.1,0.7,True,5,3,94250423514403467824,0.011915082379221129,0.011915082379221129,-inf,0.5,lucas,left,02
25,25,18,34,3,otsu,0.1,0.7,True,5,5,477426808714282871,0.01571157792179721,0.01571157792179721,-inf,0.5,lucas,left,02
25,25,18,34,5,otsu,0.1,0.7,True,5,3,5453741027205177997,0.011915082379221129,0.011915082379221129,-inf,0.5,lucas,left,02
25,25,18,34,5,otsu,0.1,0.7,True,5,5,93218561968696607773,0.019510140731619295,0.019510140731619295,-inf,0.5,lucas,left,02
25,25,18,36,1,otsu,0.1,0.7,True,5,3,8094558685366886043,0.011915082379221129,0.011915082379221129,-inf,0.5,lucas,left,02
25,25,18,36,1,otsu,0.1,0.7,True,5,5,8884987096257292935,0.011915082379221129,0.011915082379221129,-inf,0.5,lucas,left,02
25,25,18,36,3,otsu,0.1,0.7,True,5,3,3572959185423140954,0.011915082379221129,0.011915082379221129,-inf,0.5,lucas,left,02
25,25,18,36,3,otsu,0.1,0.7,True,5,5,95610259834443349153,0.019510140731619295,0.019510140731619295,-inf,0.5,lucas,left,02
25,25,18,36,5,otsu,0.1,0.7,True,5,3,96781937055488720662,0.011915082379221129,0.011915082379221129,-inf,0.5,lucas,left,02
25,25,18,36,5,otsu,0.1,0.7,True,5,5,98670551387421098962,0.02530615638936774,0.02530615638936774,-inf,0.5,lucas,left,02
25,25,20,30,1,otsu,0.1,0.7,True,5,3,9028927710475743108,0.13592414950419673,0.13592414950419673,-inf,0.5,lucas,left,02
25,25,20,30,1,otsu,0.1,0.7,True,5,5,9185256897784653514,0.1159313393874302,0.1159313393874302,-inf,0.5,lucas,left,02
25,25,20,30,3,otsu,0.1,0.7,True,5,3,99678282144992579572,0.15964031568990858,0.15964031568990858,-inf,0.5,lucas,left,02
25,25,20,30,3,otsu,0.1,0.7,True,5,5,8719728533116947038,0.12826484720710032,0.12826484720710032,-inf,0.5,lucas,left,02
25,25,20,30,5,otsu,0.1,0.7,True,5,3,93482126497805256426,0.17632337906422688,0.17632337906422688,-inf,0.5,lucas,left,02
25,25,20,30,5,otsu,0.1,0.7,True,5,5,4912391417679351257,0.14544098787182758,0.14544098787182758,-inf,0.5,lucas,left,02
25,25,20,32,1,otsu,0.1,0.7,True,5,3,4717288791848010337,0.011913082299217928,0.011913082299217928,-inf,0.5,lucas,left,02
25,25,20,32,1,otsu,0.1,0.7,True,5,5,5926244044590995537,0.011915082379221129,0.011915082379221129,-inf,0.5,lucas,left,02
25,25,20,32,3,otsu,0.1,0.7,True,5,3,1840400523305123600,0.011945073341956297,0.011945073341956297,-inf,0.5,lucas,left,02
25,25,20,32,3,otsu,0.1,0.7,True,5,5,4594294953275656906,0.011945073341956297,0.011945073341956297,-inf,0.5,lucas,left,02
25,25,20,32,5,otsu,0.1,0.7,True,5,3,93134467473251696851,0.011945073341956297,0.011945073341956297,-inf,0.5,lucas,left,02
25,25,20,32,5,otsu,0.1,0.7,True,5,5,7007548166509630711,0.011945073341956297,0.011945073341956297,-inf,0.5,lucas,left,02
25,25,20,34,1,otsu,0.1,0.7,True,5,3,6694104983250130917,0.011915082379221129,0.011915082379221129,-inf,0.5,lucas,left,02
25,25,20,34,1,otsu,0.1,0.7,True,5,5,94568715761133468956,0.011915082379221129,0.011915082379221129,-inf,0.5,lucas,left,02
25,25,20,34,3,otsu,0.1,0.7,True,5,3,3825584861304061999,0.011915082379221129,0.011915082379221129,-inf,0.5,lucas,left,02
25,25,20,34,3,otsu,0.1,0.7,True,5,5,4924737267812701216,0.01571157792179721,0.01571157792179721,-inf,0.5,lucas,left,02
25,25,20,34,5,otsu,0.1,0.7,True,5,3,7736858138795664279,0.011915082379221129,0.011915082379221129,-inf,0.5,lucas,left,02
25,25,20,34,5,otsu,0.1,0.7,True,5,5,7039084577853240518,0.019510140731619295,0.019510140731619295,-inf,0.5,lucas,left,02
25,25,20,36,1,otsu,0.1,0.7,True,5,3,659262394500669457,0.011915082379221129,0.011915082379221129,-inf,0.5,lucas,left,02
25,25,20,36,1,otsu,0.1,0.7,True,5,5,98864580910276994018,0.011915082379221129,0.011915082379221129,-inf,0.5,lucas,left,02
25,25,20,36,3,otsu,0.1,0.7,True,5,3,5493245911919261331,0.011915082379221129,0.011915082379221129,-inf,0.5,lucas,left,02
25,25,20,36,3,otsu,0.1,0.7,True,5,5,96007888911384250252,0.019510140731619295,0.019510140731619295,-inf,0.5,lucas,left,02
25,25,20,36,5,otsu,0.1,0.7,True,5,3,93913490870320322530,0.011915082379221129,0.011915082379221129,-inf,0.5,lucas,left,02
25,25,20,36,5,otsu,0.1,0.7,True,5,5,93003325158226995063,0.023306636274195377,0.023306636274195377,-inf,0.5,lucas,left,02
25,25,22,30,1,otsu,0.1,0.7,True,5,3,3914190594584918883,0.1129607311211657,0.1129607311211657,-inf,0.5,lucas,left,02
25,25,22,30,1,otsu,0.1,0.7,True,5,5,96165292335659794283,0.1159313393874302,0.1159313393874302,-inf,0.5,lucas,left,02
25,25,22,30,3,otsu,0.1,0.7,True,5,3,96975388855057297805,0.15572089889912707,0.15572089889912707,-inf,0.5,lucas,left,02
25,25,22,30,3,otsu,0.1,0.7,True,5,5,95424051988061976396,0.12826484720710032,0.12826484720710032,-inf,0.5,lucas,left,02
25,25,22,30,5,otsu,0.1,0.7,True,5,3,99133113982426799814,0.17632337906422688,0.17632337906422688,-inf,0.5,lucas,left,02
25,25,22,30,5,otsu,0.1,0.7,True,5,5,97077145344966167392,0.14544098787182758,0.14544098787182758,-inf,0.5,lucas,left,02
25,25,22,32,1,otsu,0.1,0.7,True,5,3,93333616964563568571,0.011913082299217928,0.011913082299217928,-inf,0.5,lucas,left,02
25,25,22,32,1,otsu,0.1,0.7,True,5,5,9101446035486620334,0.011915082379221129,0.011915082379221129,-inf,0.5,lucas,left,02
25,25,22,32,3,otsu,0.1,0.7,True,5,3,95154374587640394570,0.011945073341956297,0.011945073341956297,-inf,0.5,lucas,left,02
25,25,22,32,3,otsu,0.1,0.7,True,5,5,95263763968778706215,0.011945073341956297,0.011945073341956297,-inf,0.5,lucas,left,02
25,25,22,32,5,otsu,0.1,0.7,True,5,3,2954669455918837880,0.011945073341956297,0.011945073341956297,-inf,0.5,lucas,left,02
25,25,22,32,5,otsu,0.1,0.7,True,5,5,6928366849552839198,0.011945073341956297,0.011945073341956297,-inf,0.5,lucas,left,02
25,25,22,34,1,otsu,0.1,0.7,True,5,3,95545160826822711607,0.011915082379221129,0.011915082379221129,-inf,0.5,lucas,left,02
25,25,22,34,1,otsu,0.1,0.7,True,5,5,6342877518702800898,0.011915082379221129,0.011915082379221129,-inf,0.5,lucas,left,02
25,25,22,34,3,otsu,0.1,0.7,True,5,3,2242739415293963969,0.011915082379221129,0.011915082379221129,-inf,0.5,lucas,left,02
25,25,22,34,3,otsu,0.1,0.7,True,5,5,9014173639601330596,0.01571157792179721,0.01571157792179721,-inf,0.5,lucas,left,02
25,25,22,34,5,otsu,0.1,0.7,True,5,3,94107287772958648128,0.011915082379221129,0.011915082379221129,-inf,0.5,lucas,left,02
25,25,22,34,5,otsu,0.1,0.7,True,5,5,8333145751251941337,0.019510140731619295,0.019510140731619295,-inf,0.5,lucas,left,02
25,25,22,36,1,otsu,0.1,0.7,True,5,3,7066451925531459861,0.011915082379221129,0.011915082379221129,-inf,0.5,lucas,left,02
25,25,22,36,1,otsu,0.1,0.7,True,5,5,94522239853614166751,0.011915082379221129,0.011915082379221129,-inf,0.5,lucas,left,02
25,25,22,36,3,otsu,0.1,0.7,True,5,3,2537827257411604043,0.011915082379221129,0.011915082379221129,-inf,0.5,lucas,left,02
25,25,22,36,3,otsu,0.1,0.7,True,5,5,98930935757037382945,0.019510140731619295,0.019510140731619295,-inf,0.5,lucas,left,02
25,25,22,36,5,otsu,0.1,0.7,True,5,3,91660326675787996597,0.011915082379221129,0.011915082379221129,-inf,0.5,lucas,left,02
25,25,22,36,5,otsu,0.1,0.7,True,5,5,96708488077476601414,0.02530615638936774,0.02530615638936774,-inf,0.5,lucas,left,02
25,25,24,30,1,otsu,0.1,0.7,True,5,3,139167067874958501,0.163169102425555,0.163169102425555,-inf,0.5,lucas,left,02
25,25,24,30,1,otsu,0.1,0.7,True,5,5,4211838216914414288,0.1159313393874302,0.1159313393874302,-inf,0.5,lucas,left,02
25,25,24,30,3,otsu,0.1,0.7,True,5,3,96089841853261290447,0.16532964386194166,0.16532964386194166,-inf,0.5,lucas,left,02
25,25,24,30,3,otsu,0.1,0.7,True,5,5,96367748425766874280,0.12725371693589796,0.12725371693589796,-inf,0.5,lucas,left,02
25,25,24,30,5,otsu,0.1,0.7,True,5,3,99294949010049106666,0.17632337906422688,0.17632337906422688,-inf,0.5,lucas,left,02
25,25,24,30,5,otsu,0.1,0.7,True,5,5,2477060357399289897,0.14544098787182758,0.14544098787182758,-inf,0.5,lucas,left,02
25,25,24,32,1,otsu,0.1,0.7,True,5,3,4832711205033042461,0.011913082299217928,0.011913082299217928,-inf,0.5,lucas,left,02
25,25,24,32,1,otsu,0.1,0.7,True,5,5,93764379525186743479,0.011915082379221129,0.011915082379221129,-inf,0.5,lucas,left,02
25,25,24,32,3,otsu,0.1,0.7,True,5,3,7344297503329151454,0.011945073341956297,0.011945073341956297,-inf,0.5,lucas,left,02
25,25,24,32,3,otsu,0.1,0.7,True,5,5,6308022594850722470,0.011945073341956297,0.011945073341956297,-inf,0.5,lucas,left,02
25,25,24,32,5,otsu,0.1,0.7,True,5,3,8394876148051757590,0.011945073341956297,0.011945073341956297,-inf,0.5,lucas,left,02
25,25,24,32,5,otsu,0.1,0.7,True,5,5,93324953874200480639,0.011945073341956297,0.011945073341956297,-inf,0.5,lucas,left,02
25,25,24,34,1,otsu,0.1,0.7,True,5,3,97196129982360561,0.011915082379221129,0.011915082379221129,-inf,0.5,lucas,left,02
25,25,24,34,1,otsu,0.1,0.7,True,5,5,97523987770590066582,0.011915082379221129,0.011915082379221129,-inf,0.5,lucas,left,02
25,25,24,34,3,otsu,0.1,0.7,True,5,3,91330633815359049982,0.011915082379221129,0.011915082379221129,-inf,0.5,lucas,left,02
25,25,24,34,3,otsu,0.1,0.7,True,5,5,4616123766415150246,0.01571157792179721,0.01571157792179721,-inf,0.5,lucas,left,02
25,25,24,34,5,otsu,0.1,0.7,True,5,3,96463347206958497390,0.011915082379221129,0.011915082379221129,-inf,0.5,lucas,left,02
25,25,24,34,5,otsu,0.1,0.7,True,5,5,92978443058192225052,0.019510140731619295,0.019510140731619295,-inf,0.5,lucas,left,02
25,25,24,36,1,otsu,0.1,0.7,True,5,3,5056619152355964513,0.011915082379221129,0.011915082379221129,-inf,0.5,lucas,left,02
25,25,24,36,1,otsu,0.1,0.7,True,5,5,4882848729988075139,0.011915082379221129,0.011915082379221129,-inf,0.5,lucas,left,02
25,25,24,36,3,otsu,0.1,0.7,True,5,3,91306108229718855158,0.011915082379221129,0.011915082379221129,-inf,0.5,lucas,left,02
25,25,24,36,3,otsu,0.1,0.7,True,5,5,3146428765228827714,0.019510140731619295,0.019510140731619295,-inf,0.5,lucas,left,02
25,25,24,36,5,otsu,0.1,0.7,True,5,3,2433802673621072420,0.011915082379221129,0.011915082379221129,-inf,0.5,lucas,left,02
25,25,24,36,5,otsu,0.1,0.7,True,5,5,8261874484953487866,0.023306636274195377,0.023306636274195377,-inf,0.5,lucas,left,02
30,30,18,30,1,otsu,0.1,0.7,True,5,3,90941146066357131809,0.09267319454386287,0.09267319454386287,-inf,0.5,lucas,left,02
30,30,18,30,1,otsu,0.1,0.7,True,5,5,7320722189739843336,0.07474402671742303,0.07474402671742303,-inf,0.5,lucas,left,02
30,30,18,30,3,otsu,0.1,0.7,True,5,3,92420640844655908162,0.17697417251437372,0.17697417251437372,-inf,0.5,lucas,left,02
30,30,18,30,3,otsu,0.1,0.7,True,5,5,99427466151452761600,0.11100355732995594,0.11100355732995594,-inf,0.5,lucas,left,02
30,30,18,30,5,otsu,0.1,0.7,True,5,3,1007381891930480325,0.18308208413226787,0.18308208413226787,-inf,0.5,lucas,left,02
30,30,18,30,5,otsu,0.1,0.7,True,5,5,99180707409326319784,0.1676174322754142,0.1676174322754142,-inf,0.5,lucas,left,02
30,30,18,32,1,otsu,0.1,0.7,True,5,3,6600823759518958194,0.011981843425740771,0.011981843425740771,-inf,0.5,lucas,left,02
30,30,18,32,1,otsu,0.1,0.7,True,5,5,98905646267819176245,0.011981843425740771,0.011981843425740771,-inf,0.5,lucas,left,02
30,30,18,32,3,otsu,0.1,0.7,True,5,3,1762442484129839277,0.011981843425740771,0.011981843425740771,-inf,0.5,lucas,left,02
30,30,18,32,3,otsu,0.1,0.7,True,5,5,94909817592207049216,0.011981843425740771,0.011981843425740771,-inf,0.5,lucas,left,02
30,30,18,32,5,otsu,0.1,0.7,True,5,3,98375243916772404693,0.011981843425740771,0.011981843425740771,-inf,0.5,lucas,left,02
30,30,18,32,5,otsu,0.1,0.7,True,5,5,97882490449432516324,0.011981843425740771,0.011981843425740771,-inf,0.5,lucas,left,02
30,30,18,34,1,otsu,0.1,0.7,True,5,3,90889181294243167920,0.011981843425740771,0.011981843425740771,-inf,0.5,lucas,left,02
30,30,18,34,1,otsu,0.1,0.7,True,5,5,8858732904274821977,0.011981843425740771,0.011981843425740771,-inf,0.5,lucas,left,02
30,30,18,34,3,otsu,0.1,0.7,True,5,3,7184626469091205776,0.011981843425740771,0.011981843425740771,-inf,0.5,lucas,left,02
30,30,18,34,3,otsu,0.1,0.7,True,5,5,3216380285383984903,0.020580247623861073,0.020580247623861073,-inf,0.5,lucas,left,02
30,30,18,34,5,otsu,0.1,0.7,True,5,3,94320033944561110862,0.011981843425740771,0.011981843425740771,-inf,0.5,lucas,left,02
30,30,18,34,5,otsu,0.1,0.7,True,5,5,3971649829883086598,0.020580247623861073,0.020580247623861073,-inf,0.5,lucas,left,02
30,30,18,36,1,otsu,0.1,0.7,True,5,3,1084695434990069199,0.011981843425740771,0.011981843425740771,-inf,0.5,lucas,left,02
30,30,18,36,1,otsu,0.1,0.7,True,5,5,8931640224761124094,0.011981843425740771,0.011981843425740771,-inf,0.5,lucas,left,02
30,30,18,36,3,otsu,0.1,0.7,True,5,3,1789342144772270183,0.011981843425740771,0.011981843425740771,-inf,0.5,lucas,left,02
30,30,18,36,3,otsu,0.1,0.7,True,5,5,97038976604518945625,0.020580247623861073,0.020580247623861073,-inf,0.5,lucas,left,02
30,30,18,36,5,otsu,0.1,0.7,True,5,3,3759388049260859595,0.011981843425740771,0.011981843425740771,-inf,0.5,lucas,left,02
30,30,18,36,5,otsu,0.1,0.7,True,5,5,96091774916687132948,0.024881322892678272,0.024881322892678272,-inf,0.5,lucas,left,02
30,30,20,30,1,otsu,0.1,0.7,True,5,3,95005260240344106529,0.07043837258919969,0.07043837258919969,-inf,0.5,lucas,left,02
30,30,20,30,1,otsu,0.1,0.7,True,5,5,2293224806457223042,0.07474402671742303,0.07474402671742303,-inf,0.5,lucas,left,02
30,30,20,30,3,otsu,0.1,0.7,True,5,3,95972340978815818629,0.16166810584552047,0.16166810584552047,-inf,0.5,lucas,left,02
30,30,20,30,3,otsu,0.1,0.7,True,5,5,2531532298409991707,0.09103001676808198,0.09103001676808198,-inf,0.5,lucas,left,02
30,30,20,30,5,otsu,0.1,0.7,True,5,3,8158979951385725299,0.16777601746341464,0.16777601746341464,-inf,0.5,lucas,left,02
30,30,20,30,5,otsu,0.1,0.7,True,5,5,2764928371697905064,0.1611654031122424,0.1611654031122424,-inf,0.5,lucas,left,02
30,30,20,32,1,otsu,0.1,0.7,True,5,3,95721264891081975073,0.011981843425740771,0.011981843425740771,-inf,0.5,lucas,left,02
30,30,20,32,1,otsu,0.1,0.7,True,5,5,3697876630852399004,0.011981843425740771,0.011981843425740771,-inf,0.5,lucas,left,02
30,30,20,32,3,otsu,0.1,0.7,True,5,3,91546344335182243821,0.011981843425740771,0.011981843425740771,-inf,0.5,lucas,left,02
30,30,20,32,3,otsu,0.1,0.7,True,5,5,4656262296680646791,0.011981843425740771,0.011981843425740771,-inf,0.5,lucas,left,02
30,30,20,32,5,otsu,0.1,0.7,True,5,3,1151833189038283257,0.011981843425740771,0.011981843425740771,-inf,0.5,lucas,left,02
30,30,20,32,5,otsu,0.1,0.7,True,5,5,93748697280171306945,0.011981843425740771,0.011981843425740771,-inf,0.5,lucas,left,02
30,30,20,34,1,otsu,0.1,0.7,True,5,3,6449568214754851044,0.011981843425740771,0.011981843425740771,-inf,0.5,lucas,left,02
30,30,20,34,1,otsu,0.1,0.7,True,5,5,898301034569745297,0.011981843425740771,0.011981843425740771,-inf,0.5,lucas,left,02
30,30,20,34,3,otsu,0.1,0.7,True,5,3,4977941672520220532,0.011981843425740771,0.011981843425740771,-inf,0.5,lucas,left,02
30,30,20,34,3,otsu,0.1,0.7,True,5,5,8408458107751539111,0.020580247623861073,0.020580247623861073,-inf,0.5,lucas,left,02
30,30,20,34,5,otsu,0.1,0.7,True,5,3,97877184704030766140,0.011981843425740771,0.011981843425740771,-inf,0.5,lucas,left,02
30,30,20,34,5,otsu,0.1,0.7,True,5,5,94704365158825197784,0.020580247623861073,0.020580247623861073,-inf,0.5,lucas,left,02
30,30,20,36,1,otsu,0.1,0.7,True,5,3,1655906378189326922,0.011981843425740771,0.011981843425740771,-inf,0.5,lucas,left,02
30,30,20,36,1,otsu,0.1,0.7,True,5,5,9160102511574927847,0.011981843425740771,0.011981843425740771,-inf,0.5,lucas,left,02
30,30,20,36,3,otsu,0.1,0.7,True,5,3,91486231710424902390,0.011981843425740771,0.011981843425740771,-inf,0.5,lucas,left,02
30,30,20,36,3,otsu,0.1,0.7,True,5,5,98760769460500456510,0.020580247623861073,0.020580247623861073,-inf,0.5,lucas,left,02
30,30,20,36,5,otsu,0.1,0.7,True,5,3,6197125125892902702,0.011981843425740771,0.011981843425740771,-inf,0.5,lucas,left,02
30,30,20,36,5,otsu,0.1,0.7,True,5,5,2439761853302524112,0.024881322892678272,0.024881322892678272,-inf,0.5,lucas,left,02
30,30,22,30,1,otsu,0.1,0.7,True,5,3,94658291267875859573,0.07043837258919969,0.07043837258919969,-inf,0.5,lucas,left,02
30,30,22,30,1,otsu,0.1,0.7,True,5,5,92022938174478166153,0.07474402671742303,0.07474402671742303,-inf,0.5,lucas,left,02
30,30,22,30,3,otsu,0.1,0.7,True,5,3,93236785319766504533,0.16166810584552047,0.16166810584552047,-inf,0.5,lucas,left,02
30,30,22,30,3,otsu,0.1,0.7,True,5,5,97891252061658585486,0.11100355732995594,0.11100355732995594,-inf,0.5,lucas,left,02
30,30,22,30,5,otsu,0.1,0.7,True,5,3,257485937873103165,0.16777601746341464,0.16777601746341464,-inf,0.5,lucas,left,02
30,30,22,30,5,otsu,0.1,0.7,True,5,5,6876668552827409576,0.1611654031122424,0.1611654031122424,-inf,0.5,lucas,left,02
30,30,22,32,1,otsu,0.1,0.7,True,5,3,94744055480571769864,0.011981843425740771,0.011981843425740771,-inf,0.5,lucas,left,02
30,30,22,32,1,otsu,0.1,0.7,True,5,5,99926631465905742923,0.011981843425740771,0.011981843425740771,-inf,0.5,lucas,left,02
30,30,22,32,3,otsu,0.1,0.7,True,5,3,98282812380179682587,0.011981843425740771,0.011981843425740771,-inf,0.5,lucas,left,02
30,30,22,32,3,otsu,0.1,0.7,True,5,5,94256061016166669348,0.011981843425740771,0.011981843425740771,-inf,0.5,lucas,left,02
30,30,22,32,5,otsu,0.1,0.7,True,5,3,473531625884580947,0.011981843425740771,0.011981843425740771,-inf,0.5,lucas,left,02
30,30,22,32,5,otsu,0.1,0.7,True,5,5,92833800900157368987,0.011981843425740771,0.011981843425740771,-inf,0.5,lucas,left,02
30,30,22,34,1,otsu,0.1,0.7,True,5,3,857721233644364020,0.011981843425740771,0.011981843425740771,-inf,0.5,lucas,left,02
30,30,22,34,1,otsu,0.1,0.7,True,5,5,663359792926258998,0.011981843425740771,0.011981843425740771,-inf,0.5,lucas,left,02
30,30,22,34,3,otsu,0.1,0.7,True,5,3,97121052735817965876,0.011981843425740771,0.011981843425740771,-inf,0.5,lucas,left,02
30,30,22,34,3,otsu,0.1,0.7,True,5,5,4671931818180698222,0.020580247623861073,0.020580247623861073,-inf,0.5,lucas,left,02
30,30,22,34,5,otsu,0.1,0.7,True,5,3,95566457983556247229,0.011981843425740771,0.011981843425740771,-inf,0.5,lucas,left,02
30,30,22,34,5,otsu,0.1,0.7,True,5,5,97219709834159465229,0.020580247623861073,0.020580247623861073,-inf,0.5,lucas,left,02
30,30,22,36,1,otsu,0.1,0.7,True,5,3,1512624810582599045,0.011981843425740771,0.011981843425740771,-inf,0.5,lucas,left,02
30,30,22,36,1,otsu,0.1,0.7,True,5,5,92245921881916494394,0.011981843425740771,0.011981843425740771,-inf,0.5,lucas,left,02
30,30,22,36,3,otsu,0.1,0.7,True,5,3,1115278783470679656,0.011981843425740771,0.011981843425740771,-inf,0.5,lucas,left,02
30,30,22,36,3,otsu,0.1,0.7,True,5,5,94581240659854287215,0.020580247623861073,0.020580247623861073,-inf,0.5,lucas,left,02
30,30,22,36,5,otsu,0.1,0.7,True,5,3,99321153378335664669,0.011981843425740771,0.011981843425740771,-inf,0.5,lucas,left,02
30,30,22,36,5,otsu,0.1,0.7,True,5,5,93533628465128770223,0.024881322892678272,0.024881322892678272,-inf,0.5,lucas,left,02
30,30,24,30,1,otsu,0.1,0.7,True,5,3,95127123651547023402,0.10193163130741535,0.10193163130741535,-inf,0.5,lucas,left,02
30,30,24,30,1,otsu,0.1,0.7,True,5,5,1102185412513962422,0.07474402671742303,0.07474402671742303,-inf,0.5,lucas,left,02
30,30,24,30,3,otsu,0.1,0.7,True,5,3,91240891921438654069,0.19203584514935987,0.19203584514935987,-inf,0.5,lucas,left,02
30,30,24,30,3,otsu,0.1,0.7,True,5,5,96036307378465694064,0.09103001676808198,0.09103001676808198,-inf,0.5,lucas,left,02
30,30,24,30,5,otsu,0.1,0.7,True,5,3,91025334193916206880,0.18308208413226787,0.18308208413226787,-inf,0.5,lucas,left,02
30,30,24,30,5,otsu,0.1,0.7,True,5,5,3076062557660152368,0.1676174322754142,0.1676174322754142,-inf,0.5,lucas,left,02
30,30,24,32,1,otsu,0.1,0.7,True,5,3,91167325208632055889,0.011981843425740771,0.011981843425740771,-inf,0.5,lucas,left,02
30,30,24,32,1,otsu,0.1,0.7,True,5,5,94010983672068457827,0.011981843425740771,0.011981843425740771,-inf,0.5,lucas,left,02
30,30,24,32,3,otsu,0.1,0.7,True,5,3,1027046767660077189,0.011981843425740771,0.011981843425740771,-inf,0.5,lucas,left,02
30,30,24,32,3,otsu,0.1,0.7,True,5,5,5231232090098273040,0.011981843425740771,0.011981843425740771,-inf,0.5,lucas,left,02
30,30,24,32,5,otsu,0.1,0.7,True,5,3,2980073041446184071,0.011981843425740771,0.011981843425740771,-inf,0.5,lucas,left,02
30,30,24,32,5,otsu,0.1,0.7,True,5,5,5481498918673503482,0.011981843425740771,0.011981843425740771,-inf,0.5,lucas,left,02
30,30,24,34,1,otsu,0.1,0.7,True,5,3,97443372821224886885,0.011981843425740771,0.011981843425740771,-inf,0.5,lucas,left,02
30,30,24,34,1,otsu,0.1,0.7,True,5,5,92026561681409574045,0.011981843425740771,0.011981843425740771,-inf,0.5,lucas,left,02
30,30,24,34,3,otsu,0.1,0.7,True,5,3,96851359271738608783,0.011981843425740771,0.011981843425740771,-inf,0.5,lucas,left,02
30,30,24,34,3,otsu,0.1,0.7,True,5,5,3345467788044219778,0.020580247623861073,0.020580247623861073,-inf,0.5,lucas,left,02
30,30,24,34,5,otsu,0.1,0.7,True,5,3,95476703382140731509,0.011981843425740771,0.011981843425740771,-inf,0.5,lucas,left,02
30,30,24,34,5,otsu,0.1,0.7,True,5,5,2159232057332406686,0.020580247623861073,0.020580247623861073,-inf,0.5,lucas,left,02
30,30,24,36,1,otsu,0.1,0.7,True,5,3,4009079912079999516,0.011981843425740771,0.011981843425740771,-inf,0.5,lucas,left,02
30,30,24,36,1,otsu,0.1,0.7,True,5,5,2429283275697033813,0.011981843425740771,0.011981843425740771,-inf,0.5,lucas,left,02
30,30,24,36,3,otsu,0.1,0.7,True,5,3,2118536505883023886,0.011981843425740771,0.011981843425740771,-inf,0.5,lucas,left,02
30,30,24,36,3,otsu,0.1,0.7,True,5,5,1103592755370003090,0.020580247623861073,0.020580247623861073,-inf,0.5,lucas,left,02
30,30,24,36,5,otsu,0.1,0.7,True,5,3,2189197299609033988,0.011981843425740771,0.011981843425740771,-inf,0.5,lucas,left,02
30,30,24,36,5,otsu,0.1,0.7,True,5,5,3158708691127256023,0.024881322892678272,0.024881322892678272,-inf,0.5,lucas,left,02
